City_ID,City,Lat,Lng,Max Temp,Humidity,Cloudiness,Wind Speed,Country,Date
0,ilulissat,69.2167,-51.1,4.01,100,100,2.06,GL,1689535893
1,kudahuvadhoo,2.6708,72.8944,28.2,76,61,4.58,MV,1689535894
2,grytviken,-54.2811,-36.5092,-5.85,70,18,2.11,GS,1689535894
3,slatyne,50.2242,36.1608,17.22,75,0,3.48,UA,1689535894
4,wajir,1.7471,40.0573,27.58,42,34,8.94,KE,1689535341
5,punta arenas,-53.15,-70.9167,3.06,87,75,1.54,CL,1689535895
6,sitka,57.0531,-135.33,15.94,88,100,2.57,US,1689535895
7,gorontalo,0.5412,123.0595,23.64,94,100,2.37,ID,1689535896
8,blackmans bay,-43.0167,147.3167,12.07,66,31,6.08,AU,1689535897
9,sirajganj,24.45,89.7167,27.8,84,90,4.81,BD,1689535897
10,invercargill,-46.4,168.35,8.37,86,73,6.19,NZ,1689535897
11,ribeira grande,38.5167,-28.7,22.22,64,40,5.14,PT,1689535898
12,mammoth lakes,37.6485,-118.9721,31.25,13,0,1.79,US,1689535898
13,santo antonio,-6.3106,-35.4789,25.5,71,37,5.82,BR,1689535899
14,san antonio de pale,-1.4014,5.6325,23.08,80,6,5.07,GQ,1689535899
15,matai,-8.3,31.5167,17.69,61,0,3.03,TZ,1689535899
16,hammerfest,70.6634,23.6821,19.25,55,0,7.2,NO,1689535399
17,tumayr,25.7039,45.868,33.63,7,0,4.51,SA,1689535900
18,yuzhno-kurilsk,44.0306,145.8556,13.0,93,100,0.69,RU,1689535900
19,puerto baquerizo moreno,-0.9,-89.6,27.55,74,40,5.66,EC,1689535901
20,hawaiian paradise park,19.5933,-154.9731,26.69,81,40,2.06,US,1689535901
21,puerto colombia,10.9878,-74.9547,30.05,75,98,7.48,CO,1689535901
22,carnarvon,-24.8667,113.6333,15.31,55,0,5.17,AU,1689535902
23,whitehorse,60.7161,-135.0538,22.83,40,20,4.63,CA,1689535664
24,luba,3.4568,8.5547,25.94,87,50,3.35,GQ,1689535903
25,touros,-5.1989,-35.4608,27.45,68,15,7.66,BR,1689535781
26,kokpekty,48.75,82.4,18.87,39,0,2.7,KZ,1689535903
27,aldama,22.9167,-98.0667,34.72,35,0,6.3,MX,1689535904
28,weno,7.4515,151.8468,27.97,83,100,4.12,FM,1689535904
29,ribeira brava,32.65,-17.0667,24.28,69,62,2.59,PT,1689535904
30,kodiak,57.79,-152.4072,13.73,77,100,3.6,US,1689535904
31,atafu village,-8.5421,-172.5159,28.66,74,63,6.78,TK,1689535905
32,tiksi,71.6872,128.8694,4.81,92,100,2.83,RU,1689535905
33,crane,31.3974,-102.3501,37.59,16,24,5.33,US,1689535906
34,waitangi,-43.9535,-176.5597,9.9,83,100,14.6,NZ,1689535906
35,albany,42.6001,-73.9662,28.23,79,100,2.3,US,1689535652
36,ushuaia,-54.8,-68.3,3.81,65,20,1.54,AR,1689535907
37,adamstown,-25.066,-130.1015,20.79,79,100,3.15,PN,1689535778
38,nyurba,63.2842,118.3319,6.96,80,77,2.01,RU,1689535907
39,tolanaro,-25.0319,46.9987,21.04,73,20,7.2,MG,1689535908
40,fale old settlement,-9.3852,-171.2468,28.42,75,45,7.19,TK,1689535908
41,kruisfontein,-34.0033,24.7314,11.6,56,63,1.84,ZA,1689535908
42,'ain el melh,34.8415,4.1638,30.43,10,0,4.1,DZ,1689535909
43,anadyr,64.75,177.4833,19.28,59,0,1.0,RU,1689535909
44,port mathurin,-19.6833,63.4167,23.2,70,11,11.98,MU,1689535909
45,kavieng,-2.5744,150.7967,27.82,76,98,2.74,PG,1689535910
46,lupane,-18.9315,27.807,11.28,41,0,3.12,ZW,1689535911
47,puerto natales,-51.7236,-72.4875,6.25,56,75,7.72,CL,1689535911
48,kailua-kona,19.6406,-155.9956,27.93,76,20,3.09,US,1689535911
49,chernyshevsk,52.5243,117.0174,16.52,67,0,1.18,RU,1689535912
50,udachny,66.4167,112.4,10.25,57,99,3.0,RU,1689535912
51,qingyuan,23.7,113.0333,27.99,92,100,2.81,CN,1689535913
52,huanggang,23.677,116.9996,26.94,93,87,3.9,CN,1689535645
53,nephi,39.7102,-111.8363,35.71,9,0,3.89,US,1689535914
54,east london,-33.0153,27.9116,17.3,52,70,1.87,ZA,1689535914
55,kashgar,39.4547,75.9797,30.56,21,94,4.0,CN,1689535915
56,viriat,46.2548,5.2157,24.26,74,88,1.39,FR,1689535915
57,badger,64.8,-147.5333,20.07,67,75,1.54,US,1689535915
58,talnakh,69.4865,88.3972,5.67,90,100,1.64,RU,1689535916
59,pakxan,18.3778,103.6601,24.62,97,100,1.59,LA,1689535916
60,zeya,53.75,127.2667,18.57,69,5,1.56,RU,1689535916
61,yuxi,24.355,102.5422,15.47,89,12,2.01,CN,1689535917
62,kuala terengganu,5.3302,103.1408,26.97,94,20,0.51,MY,1689535741
63,villa yapacani,-17.4,-63.8333,26.05,58,90,1.44,BO,1689535917
64,saint-philippe,-21.3585,55.7679,22.77,86,59,5.92,RE,1689535918
65,arkhangel'sk,64.5401,40.5433,16.01,78,88,1.86,RU,1689535918
66,yenotayevka,47.2456,47.0281,21.22,59,87,6.21,RU,1689535919
67,laojunmiao,39.8333,97.7333,22.94,24,0,3.46,CN,1689535919
68,along,28.1667,94.7667,23.45,100,100,0.81,IN,1689535919
69,walvis bay,-22.9575,14.5053,21.53,26,0,1.03,NA,1689535920
70,port-aux-francais,-49.35,70.2167,1.97,54,96,12.79,TF,1689535920
71,dudinka,69.4058,86.1778,5.9,78,99,3.54,RU,1689535920
72,isafjordur,66.0755,-23.124,10.05,58,19,3.48,IS,1689535921
73,port alfred,-33.5906,26.891,16.63,54,44,3.52,ZA,1689535921
74,dayrut,27.556,30.8076,33.75,15,5,4.32,EG,1689535921
75,tucuma,-0.1833,-50.05,30.3,62,12,4.38,BR,1689535283
76,codrington,-38.2667,141.9667,5.32,93,3,4.78,AU,1689535922
77,alice springs,-23.7,133.8833,4.75,100,3,1.03,AU,1689535848
78,geraldton,-28.7667,114.6,4.23,87,0,3.6,AU,1689535923
79,college,64.8569,-147.8028,20.11,70,100,1.54,US,1689535924
80,barabai,-2.5833,115.3833,22.63,90,89,0.8,ID,1689535924
81,el calafate,-50.3408,-72.2768,-1.93,72,7,1.65,AR,1689535924
82,chimore,-16.9833,-65.1333,26.66,57,90,0.58,BO,1689535925
83,dompu,-8.5356,118.4622,22.91,94,83,1.45,ID,1689535925
84,longyearbyen,78.2186,15.6401,10.91,76,0,5.66,SJ,1689535926
85,nova vicosa,-17.8919,-39.3719,23.44,75,73,3.92,BR,1689535926
86,namtsy,62.7161,129.6658,8.61,74,9,1.43,RU,1689535926
87,arraial do cabo,-22.9661,-42.0278,25.98,65,0,4.63,BR,1689535927
88,keflavik,64.0049,-22.5624,13.95,54,0,9.77,IS,1689535927
89,bethel,41.3712,-73.414,25.47,88,100,0.45,US,1689535928
90,avarua,-21.2078,-159.775,23.03,68,100,0.51,CK,1689535928
91,oyama,36.3,139.8,24.64,72,11,1.28,JP,1689535929
92,shwebo,22.5667,95.7,28.04,71,82,1.84,MM,1689535929
93,new norfolk,-42.7826,147.0587,12.73,68,63,4.92,AU,1689535929
94,georgetown,5.4112,100.3354,27.96,85,20,1.03,MY,1689535741
95,kismayo,-0.3582,42.5454,24.97,80,100,7.64,SO,1689535930
96,edinburgh of the seven seas,-37.0676,-12.3116,12.97,77,10,12.77,SH,1689535931
97,hamilton,39.1834,-84.5333,30.14,59,0,4.63,US,1689535735
98,thompson,55.7435,-97.8558,15.09,72,100,2.06,CA,1689535931
99,malvan,16.0667,73.4667,26.65,85,100,4.48,IN,1689535932
100,daru,-9.0763,143.2092,24.21,87,93,5.61,PG,1689535932
101,susuman,62.7833,148.1667,16.42,68,97,1.51,RU,1689535932
102,fort mcmurray,56.7268,-111.381,23.77,46,20,5.14,CA,1689535811
103,vorgashor,67.5833,63.95,14.41,90,87,2.27,RU,1689535933
104,petropavlovsk-kamchatsky,53.0452,158.6483,10.33,100,100,1.0,RU,1689535934
105,kapa'a,22.0752,-159.319,28.18,74,75,6.17,US,1689535934
106,napier,-39.4833,176.9167,7.93,81,23,1.79,NZ,1689535935
107,margaret river,-33.95,115.0667,15.37,84,61,6.29,AU,1689535935
108,queenstown,-31.8976,26.8753,10.44,45,51,2.23,ZA,1689535935
109,hood river,45.7054,-121.5215,36.86,37,0,4.02,US,1689535936
110,hato mayor del rey,18.7628,-69.2568,31.78,53,100,3.73,DO,1689535936
111,nova sintra,14.8667,-24.7167,23.08,84,98,3.29,CV,1689535937
112,yellowknife,62.456,-114.3525,22.29,49,75,6.17,CA,1689535772
113,rongelap,11.1635,166.8941,28.21,75,94,6.27,MH,1689535275
114,tralee,52.2704,-9.7026,12.79,89,99,4.75,IE,1689535887
115,mabaruma,8.2,-59.7833,30.09,64,38,2.78,GY,1689535938
116,iqaluit,63.7506,-68.5145,9.85,87,100,3.6,CA,1689535813
117,sungailiat,-1.85,106.1333,26.34,85,51,5.24,ID,1689535389
118,bilibino,68.0546,166.4372,23.39,40,10,1.9,RU,1689535939
119,constantia,44.1833,28.65,23.38,68,0,4.52,RO,1689535804
120,midvagur,62.0511,-7.1939,9.46,87,100,5.66,FO,1689535940
121,antsiranana,-12.2787,49.2917,22.77,80,14,4.6,MG,1689535940
122,taoudenni,22.6783,-3.9836,39.75,21,19,6.08,ML,1689535941
123,nowshahr,36.649,51.496,28.97,74,75,1.03,IR,1689535941
124,torghay,49.6339,63.4981,25.36,32,100,4.27,KZ,1689535942
125,uturoa,-16.7333,-151.4333,25.7,67,1,3.61,PF,1689535942
126,paracuru,-3.41,-39.0306,27.28,72,58,6.61,BR,1689535942
127,cooper's town,26.8667,-77.5167,29.31,76,100,5.47,BS,1689535943
128,valparaiso,-33.0393,-71.6273,18.13,59,0,5.14,CL,1689535734
129,tobelo,1.7284,128.0095,24.51,91,100,1.69,ID,1689535944
130,la sarre,48.8002,-79.1996,25.78,41,36,1.98,CA,1689535944
131,urucara,-2.5364,-57.76,34.56,38,100,1.79,BR,1689535945
132,nemuro,43.3236,145.575,12.92,94,100,3.36,JP,1689535945
133,abergavenny,51.821,-3.0174,17.23,85,3,5.45,GB,1689535945
134,akkol',48.7833,53.2,18.95,69,100,7.54,KZ,1689535946
135,mount isa,-20.7333,139.5,19.87,60,100,2.06,AU,1689535946
136,pumiao,22.75,108.4833,30.22,64,100,3.37,CN,1689535397
137,almeirim,-1.5233,-52.5817,31.38,53,65,1.75,BR,1689535947
138,serenje,-13.2325,30.2352,11.43,65,2,3.01,ZM,1689535947
139,miquelon,47.0975,-56.3814,18.0,98,97,3.32,PM,1689535948
140,yeed,4.55,43.0333,26.52,50,49,5.45,SO,1689535948
141,twin falls,42.3505,-114.6445,32.94,31,0,4.12,US,1689535949
142,vila velha,-20.3297,-40.2925,25.97,66,0,4.12,BR,1689535949
143,jamestown,42.097,-79.2353,27.79,58,75,5.81,US,1689535705
144,kotabumi,-4.8333,104.9,22.66,95,2,1.55,ID,1689535950
145,iskateley,67.6803,53.1512,14.85,86,59,4.29,RU,1689535951
146,plastun,44.7561,136.2939,14.47,94,100,0.61,RU,1689535392
147,mountain home,43.133,-115.6912,36.75,18,20,3.6,US,1689535951
148,salekhard,66.53,66.6019,16.03,71,41,4.26,RU,1689535952
149,callao,-12.0667,-77.15,22.16,68,100,4.63,PE,1689535952
150,cherdyn',60.403,56.4787,12.74,80,9,1.42,RU,1689535952
151,saldanha,-33.0117,17.9442,12.03,90,100,2.25,ZA,1689535953
152,stanley,54.868,-1.6985,16.05,75,20,5.66,GB,1689535953
153,lodja,-3.4833,23.4333,28.24,35,92,0.77,CD,1689535953
154,palencia,42.4167,-4.5,25.06,76,7,7.01,ES,1689535954
155,el battan,36.8037,9.8442,31.82,40,5,2.03,TN,1689535954
156,bredasdorp,-34.5322,20.0403,13.27,84,100,2.71,ZA,1689535954
157,hithadhoo,-0.6,73.0833,27.5,75,2,0.12,MV,1689535955
158,talagang,32.9297,72.4158,31.27,58,7,3.97,PK,1689535955
159,wailua homesteads,22.0669,-159.378,27.44,75,75,6.17,US,1689535956
160,nuku'alofa,-21.1333,-175.2,20.19,77,20,4.63,TO,1689535956
161,st. john's,47.5649,-52.7093,25.71,69,75,7.2,CA,1689535903
162,tortum,40.2973,41.5477,15.97,94,70,2.98,TR,1689535957
163,peterborough,52.5736,-0.2478,17.4,82,100,6.69,GB,1689535824
164,malango,-2.9627,119.9001,18.11,96,100,0.65,ID,1689535957
165,lorengau,-2.0226,147.2712,27.48,80,21,4.31,PG,1689535376
166,utrik,11.2278,169.8474,27.58,80,44,6.81,MH,1689535958
167,hell-ville,-13.4,48.2667,25.77,67,41,1.21,MG,1689535958
168,howard springs,-12.497,131.047,23.95,58,99,2.59,AU,1689535959
169,west island,-12.1568,96.8225,24.99,69,40,4.12,CC,1689535959
170,egilsstadir,65.2653,-14.3948,7.95,87,75,1.54,IS,1689535959
171,bereznik,62.8551,42.7072,18.58,67,96,1.49,RU,1689535380
172,coahuayana de hidalgo,18.7,-103.6583,34.66,53,56,3.3,MX,1689535960
173,dryden,49.7833,-92.7503,15.16,88,100,4.12,CA,1689535393
174,ghormach,35.7306,63.7826,29.06,17,0,3.88,AF,1689535961
175,port elizabeth,-33.918,25.5701,15.16,82,0,2.57,ZA,1689535961
176,ancud,-41.8697,-73.8203,6.28,63,6,3.47,CL,1689535961
177,kolosovka,56.4678,73.611,13.51,81,100,2.4,RU,1689535962
178,miagao,10.6442,122.2352,25.92,88,88,3.71,PH,1689535962
179,hermanus,-34.4187,19.2345,11.0,86,100,3.47,ZA,1689535962
180,ilhabela,-23.7781,-45.3581,20.38,77,7,0.82,BR,1689535963
181,lebu,-37.6167,-73.65,9.38,67,100,6.76,CL,1689535963
182,fauske,67.2588,15.3918,15.25,90,100,2.23,NO,1689535963
183,wanning,18.8003,110.3967,25.01,92,100,3.06,CN,1689535964
184,olonkinbyen,70.9221,-8.7187,4.26,96,100,10.07,SJ,1689535964
185,papatowai,-46.5619,169.4708,9.61,79,39,7.21,NZ,1689535965
186,machico,32.7,-16.7667,24.28,68,40,5.14,PT,1689535965
187,acarau,-2.8856,-40.12,27.75,70,62,7.2,BR,1689535966
188,santa elena de uairen,4.6167,-61.1333,25.37,66,35,3.63,VE,1689535966
189,kaesong,37.9708,126.5544,21.53,98,100,1.08,KP,1689535966
190,birobidzhan,48.8,132.95,15.38,98,100,1.75,RU,1689535967
191,virginia,37.5481,-77.4467,30.19,78,75,4.63,US,1689535728
192,megion,61.0296,76.1136,12.01,66,19,3.4,RU,1689535967
193,sao geraldo do araguaia,-6.4006,-48.555,35.12,25,2,1.98,BR,1689535968
194,akureyri,65.6835,-18.0878,7.96,81,75,6.69,IS,1689535380
195,usogorsk,63.4106,48.6872,17.8,75,73,1.72,RU,1689535968
196,wawer,52.2204,21.1371,26.23,58,0,3.6,PL,1689535969
197,sabang,5.8933,95.3214,28.16,77,100,9.89,ID,1689535969
198,bay roberts,47.5999,-53.2648,25.92,75,27,3.13,CA,1689535969
199,kununurra,-15.7667,128.7333,23.99,46,5,5.14,AU,1689535970
200,buala,-8.145,159.5921,26.47,84,100,2.19,SB,1689535970
201,tazacorte,28.629,-17.9293,24.54,70,40,7.2,ES,1689535970
202,inari,68.906,27.0288,21.11,62,100,1.89,FI,1689535971
203,pagar alam,-4.0167,103.2667,19.45,97,33,1.21,ID,1689535971
204,douz,33.4663,9.0203,35.67,9,0,4.58,TN,1689535972
205,bonyhad,46.2992,18.5302,27.47,64,0,1.15,HU,1689535972
206,newman,37.3138,-121.0208,39.19,9,100,0.26,US,1689535972
207,bocanda,7.0626,-4.4995,23.05,97,100,0.96,CI,1689535973
208,chernyshevskiy,63.0128,112.4714,6.46,75,100,2.14,RU,1689535973
209,qaqortoq,60.7167,-46.0333,6.69,92,100,1.21,GL,1689535974
210,shubarshi,48.5872,57.1869,21.2,45,99,5.94,KZ,1689535974
211,polyarnyy,69.1989,33.4478,13.09,83,96,0.84,RU,1689535974
212,ibeto,10.4854,5.145,25.26,84,81,0.28,NG,1689535975
213,talas,38.6908,35.5538,18.37,52,0,4.12,TR,1689535975
214,haro,42.5763,-2.8476,23.08,85,66,2.57,ES,1689535975
215,ust-nera,64.5667,143.2,10.51,70,51,4.0,RU,1689535976
216,hadibu,12.65,54.0333,25.68,78,67,7.97,YE,1689535976
217,rio hato,8.3833,-80.1667,25.82,72,100,1.74,PA,1689535977
218,bandar-e lengeh,26.5579,54.8807,33.23,68,7,2.25,IR,1689535977
219,rio grande,-32.035,-52.0986,15.06,61,8,5.78,BR,1689535685
220,vilyuchinsk,52.9306,158.4028,11.15,89,38,0.72,RU,1689535978
221,san patricio,28.017,-97.5169,39.53,33,19,8.14,US,1689535979
222,novaya mayna,54.15,49.75,18.77,61,87,4.19,RU,1689535979
223,vyatskiye polyany,56.226,51.0656,16.07,71,96,2.85,RU,1689535980
224,tambura,5.6,27.4667,23.0,78,12,1.53,SS,1689535980
225,qingdao,36.0986,120.3719,23.78,88,0,1.0,CN,1689535980
226,pilona,43.35,-5.3667,19.0,83,90,0.96,ES,1689535981
227,koryazhma,61.3143,47.1691,15.81,79,90,1.23,RU,1689535981
228,vadso,70.0744,29.7487,16.49,87,0,5.66,NO,1689535982
229,sandakan,5.8402,118.1179,26.82,88,20,1.54,MY,1689535743
230,kerikeri,-35.2268,173.9474,9.39,90,0,4.23,NZ,1689535983
231,hakha,22.65,93.6167,16.26,98,100,0.45,MM,1689535983
232,afaahiti,-17.75,-149.2833,25.93,63,2,1.29,PF,1689535983
233,harstad,68.799,16.5293,16.66,91,100,11.18,NO,1689535984
234,nampula,-15.1165,39.2666,19.97,83,40,5.14,MZ,1689535984
235,bamboo flat,11.7,92.7167,28.05,83,75,6.17,IN,1689535984
236,hengchun,22.0042,120.7439,28.12,79,100,3.81,TW,1689535985
237,taitung city,22.7583,121.1444,27.07,82,98,1.48,TW,1689535985
238,naze,28.3667,129.4833,27.51,85,99,7.02,JP,1689535986
239,lagunas,-5.2269,-75.6753,29.89,59,41,1.6,PE,1689535986
240,atherton,53.5237,-2.4935,16.88,68,100,2.24,GB,1689535986
241,bandon,51.7469,-8.7425,15.77,89,38,4.39,IE,1689535987
242,joshimath,30.5667,79.5667,21.74,96,91,0.3,IN,1689535988
243,dapa,9.7594,126.0531,27.39,77,97,1.03,PH,1689535988
244,nadym,65.5333,72.5167,12.99,66,20,6.03,RU,1689535988
245,guerrero negro,27.9769,-114.0611,27.03,53,99,4.46,MX,1689535989
246,tazovsky,67.4667,78.7,5.82,57,2,3.87,RU,1689535989
247,mount gambier,-37.8333,140.7667,6.22,91,57,3.22,AU,1689535859
248,warrnambool,-38.3833,142.4833,7.12,87,1,5.61,AU,1689535990
249,galesong,-5.3166,119.3661,20.01,77,36,3.32,ID,1689535990
250,grand falls-windsor,48.9332,-55.6649,28.61,64,100,0.89,CA,1689535990
251,mancio lima,-7.6142,-72.8958,26.04,73,100,2.06,BR,1689535991
252,plaza huincul,-38.926,-69.2086,6.19,10,35,3.5,AR,1689535991
253,bogande,12.9714,-0.1436,32.79,44,36,3.12,BF,1689535992
254,nagqu,31.5,92.0,2.35,84,0,1.37,CN,1689535992
255,port-vila,-17.7338,168.3219,21.78,83,75,5.14,VU,1689535992
256,bankim,6.083,11.4905,20.63,95,50,0.75,CM,1689535993
257,fort bragg,35.139,-79.006,34.34,53,20,4.12,US,1689535993
258,belmonte,-15.8631,-38.8828,23.07,87,34,3.3,BR,1689535994
259,kavaratti,10.5669,72.642,28.18,78,99,8.3,IN,1689535994
260,sept-iles,50.2001,-66.3821,20.29,95,100,2.57,CA,1689535994
261,zahedan,29.4963,60.8629,31.95,12,0,3.09,IR,1689535995
262,kayyerkan,69.3786,87.7439,5.72,100,99,3.43,RU,1689535995
263,xilin hot,43.9667,116.0333,17.57,55,2,2.31,CN,1689535995
264,buulobarde,3.8538,45.5674,23.82,77,57,8.66,SO,1689535996
265,mariental,-24.6333,17.9667,16.36,26,0,3.71,NA,1689535996
266,lihue,21.9789,-159.3672,27.77,67,75,6.17,US,1689535997
267,pine ridge,28.9383,-82.4734,29.5,89,0,0.0,US,1689535997
268,port douglas,-16.4833,145.4667,21.88,78,92,7.08,AU,1689535997
269,wulingyuan,29.3494,110.5441,21.04,87,0,1.09,CN,1689535998
270,tokar,18.4254,37.729,38.37,27,2,8.85,SD,1689535998
271,saint-augustin-de-desmaures,46.7406,-71.4513,22.67,98,100,4.12,CA,1689535861
272,floro,61.5996,5.0328,15.98,77,75,12.86,NO,1689535999
273,guercif,34.2257,-3.3536,32.26,24,0,6.38,MA,1689535999
274,margate,51.3813,1.3862,17.95,65,100,4.92,GB,1689536000
275,kuqa,41.7278,82.9364,30.58,21,10,3.25,CN,1689536000
276,holualoa,19.6228,-155.9522,25.86,75,20,3.09,US,1689536001
277,salahonda,2.1019,-78.7217,28.01,78,44,5.23,CO,1689536001
278,portland,45.5234,-122.6762,31.24,40,40,4.12,US,1689535820
279,lerwick,60.1545,-1.1494,14.0,93,67,5.35,GB,1689536002
280,cooma,-36.2333,149.1333,1.29,93,0,1.21,AU,1689536002
281,sirte,31.2089,16.5887,26.74,80,0,3.82,LY,1689536003
282,ngereklmadel,7.4883,134.4856,26.05,89,75,2.06,PW,1689536003
283,garoowe,8.4054,48.4845,29.35,38,30,9.25,SO,1689536004
284,phan rang-thap cham,11.5667,108.9833,26.55,75,99,3.21,VN,1689536004
285,colonia menno,-22.3667,-59.8167,18.58,48,100,2.94,PY,1689536004
286,la roda,39.2167,-2.15,32.73,54,17,6.56,ES,1689536005
287,inongo,-1.95,18.2667,24.57,54,13,0.95,CD,1689536005
288,klyuchi,52.2667,79.1667,15.41,81,7,3.59,RU,1689536006
289,yeppoon,-23.1333,150.7333,15.88,85,86,5.92,AU,1689536006
290,uzgen,40.7699,73.3007,27.16,27,96,1.75,KG,1689536007
291,labrador city,52.9463,-66.9114,23.95,53,40,4.12,CA,1689536007
292,glace bay,46.1969,-59.957,29.25,68,75,5.66,CA,1689536008
293,sao joao da barra,-21.6403,-41.0511,27.05,81,52,6.47,BR,1689536008
294,trincomalee,8.5711,81.2335,28.21,74,92,7.61,LK,1689536008
295,palmer,42.1584,-72.3287,25.35,85,75,3.6,US,1689535948
296,dunkirk,51.05,2.3667,18.38,37,100,0.89,FR,1689536009
297,okap,19.7578,-72.2042,30.97,66,40,8.75,HT,1689535737
298,singaraja,-8.112,115.0882,24.1,77,47,2.41,ID,1689536010
299,korsakov,46.6328,142.7813,11.91,91,100,3.46,RU,1689536010
300,zubova polyana,54.0771,42.8372,15.4,90,99,3.7,RU,1689536011
301,kushiro,42.975,144.3747,16.01,95,99,0.87,JP,1689536011
302,makokou,0.5738,12.8642,23.07,86,74,0.43,GA,1689536011
303,karratha,-20.7377,116.8463,17.6,35,4,4.88,AU,1689536012
304,ayacucho,-13.1583,-74.2239,22.92,25,20,1.03,PE,1689535927
305,mejit,10.2753,170.8646,27.8,77,99,5.23,MH,1689536012
306,chonchi,-42.6128,-73.8092,7.29,65,6,2.02,CL,1689536013
307,celestun,20.8667,-90.4,32.07,62,29,6.65,MX,1689536013
308,sisimiut,66.9395,-53.6735,7.26,93,100,2.34,GL,1689536013
309,sao pedro do sul,-29.6206,-54.1789,14.36,77,25,2.49,BR,1689536014
310,saint-denis,48.9167,2.3333,23.27,54,0,4.63,FR,1689536014
311,igarka,67.4667,86.5833,3.63,85,34,2.69,RU,1689536014
312,saudarkrokur,65.7461,-19.6394,7.6,77,49,6.07,IS,1689536015
313,sao felix do xingu,-6.6447,-51.995,34.72,29,36,0.69,BR,1689535867
314,west end,26.6833,-78.9667,29.99,70,100,3.77,BS,1689536015
315,luorong,24.4058,109.6086,27.01,64,86,4.66,CN,1689536016
316,lishui,28.4604,119.9103,24.36,97,85,1.26,CN,1689536016
317,hasaki,35.7333,140.8333,25.22,86,85,0.86,JP,1689536016
318,bodaybo,57.8506,114.1933,13.48,85,0,1.31,RU,1689536017
319,turinsk,58.0458,63.696,13.18,78,39,2.56,RU,1689536017
320,agat village,13.3886,144.6585,26.52,91,40,2.57,GU,1689536018
321,kolonia,50.9333,6.95,22.75,44,0,4.12,DE,1689535802
322,lautoka,-17.6167,177.4667,18.92,88,20,2.06,FJ,1689536018
323,la ronge,55.1001,-105.2842,19.12,52,100,2.57,CA,1689536019
324,magdagachi,53.45,125.8,16.83,73,16,0.59,RU,1689536019
325,cabo san lucas,22.8909,-109.9124,34.78,70,20,3.6,MX,1689535828
326,taourirt,34.4073,-2.8973,29.91,28,0,2.52,MA,1689536020
327,saint-joseph,-21.3667,55.6167,22.21,84,39,6.3,RE,1689536020
328,xiaoweizhai,26.1903,107.5125,20.13,80,19,2.88,CN,1689536020
329,byron bay,-28.65,153.6167,13.17,88,38,4.03,AU,1689535737
330,katy wroclawskie,51.031,16.7677,24.3,73,0,1.54,PL,1689536021
331,yung shue wan,22.2333,114.1167,28.75,81,100,15.23,HK,1689536026
332,holtville,32.8112,-115.3803,41.93,29,0,2.06,US,1689536027
333,sao bento,-6.2833,-37.75,30.04,29,15,3.5,BR,1689536027
334,korla,41.7597,86.1469,32.74,17,3,5.13,CN,1689536027
335,usinsk,65.9939,57.5281,19.24,52,100,4.61,RU,1689536028
336,ouargaye,11.5033,0.0572,30.15,56,40,3.05,BF,1689536028
337,bel ombre,-4.6167,55.4167,25.91,83,40,5.66,SC,1689536028
338,kisangani,0.5167,25.2,24.75,66,61,0.79,CD,1689536029
339,greenville,35.6127,-77.3663,32.29,68,40,3.09,US,1689536029
340,san pedro de ycuamandiyu,-24.0917,-57.0764,18.75,55,98,1.24,PY,1689536030
341,hluti,-27.2167,31.6167,14.97,34,0,1.39,SZ,1689536030
342,ust-tsilma,65.441,52.1498,17.48,83,63,0.88,RU,1689536030
343,cockburn town,21.4612,-71.1419,28.55,81,2,7.22,TC,1689536031
344,goure,13.9835,10.2704,28.85,44,99,8.01,NE,1689536031
345,flying fish cove,-10.4217,105.6791,23.82,88,75,3.6,CX,1689536031
346,nantucket,41.2835,-70.0995,26.03,94,75,6.69,US,1689535874
347,fougamou,-1.2154,10.5838,24.22,76,32,1.92,GA,1689536032
348,fisterra,42.9049,-9.2629,19.86,72,2,5.91,ES,1689536032
349,vernon,50.2581,-119.2691,33.85,18,18,1.03,CA,1689535923
350,illizi,26.4833,8.4667,35.89,11,4,5.37,DZ,1689536033
351,magadan,59.5667,150.8,12.34,83,81,1.02,RU,1689536033
352,puerto ayora,-0.7393,-90.3518,30.98,89,57,4.02,EC,1689536034
353,port lincoln,-34.7333,135.8667,8.46,75,0,3.15,AU,1689536034
354,eyl,7.9803,49.8164,25.26,79,10,11.38,SO,1689536034
355,taghazout,30.5426,-9.7112,26.43,74,0,2.13,MA,1689536035
356,remire-montjoly,4.9167,-52.2667,28.02,69,75,2.06,GF,1689536035
357,balabac,7.9868,117.0645,28.64,77,100,7.67,PH,1689536035
358,windsor,42.3001,-83.0165,28.9,50,0,8.75,CA,1689535802
359,greymouth,-42.4667,171.2,8.24,90,97,1.77,NZ,1689536036
360,mokhotlong,-29.2894,29.0675,3.85,64,2,0.99,LS,1689536036
361,cidreira,-30.1811,-50.2056,13.69,75,87,5.18,BR,1689536037
362,porto torres,40.835,8.3972,28.1,83,26,1.04,IT,1689536037
363,okhotsk,59.3833,143.3,14.23,89,100,0.9,RU,1689536038
364,strehaia,44.6167,23.2,25.07,62,0,1.51,RO,1689536038
365,jutai,-5.1833,-68.9,30.8,62,91,0.98,BR,1689536038
366,champerico,14.3,-91.9167,35.3,64,100,3.66,GT,1689536039
367,bethal,-26.4579,29.4655,8.63,46,0,1.61,ZA,1689536039
368,savanna-la-mar,18.219,-78.1332,32.97,62,62,0.52,JM,1689536039
369,ishikawa,26.4233,127.8214,28.41,86,75,8.23,JP,1689536040
370,bo phloi,14.3236,99.5161,26.42,73,100,4.86,TH,1689536040
371,nenjiang,49.1833,125.2167,13.99,89,89,0.9,CN,1689536040
372,svetlyy,54.675,20.1347,19.03,75,82,2.13,RU,1689536041
373,cannonvale,-20.2833,148.7,18.66,81,87,7.21,AU,1689536041
374,shimanovsk,52.0,127.7,16.59,71,4,1.87,RU,1689536041
375,san pedro,14.35,121.0167,25.18,98,75,1.03,PH,1689536042
376,ayorou,14.7308,0.9174,37.24,28,8,2.56,NE,1689536042
377,enewetak,11.3474,162.3373,28.14,78,80,7.71,MH,1689536043
378,fort stockton,30.894,-102.8793,37.31,21,0,5.14,US,1689536043
379,kutum,14.2,24.6667,30.34,25,6,2.4,SD,1689536043
380,lefka,35.1106,32.8506,29.09,46,0,2.36,CY,1689536044
381,lompoc,34.6391,-120.4579,27.14,73,75,3.6,US,1689536044
382,harpanahalli,14.8,75.9833,22.39,86,100,5.85,IN,1689536045
383,la passe,45.5549,-0.8967,20.02,71,49,2.98,FR,1689536045
384,minas de marcona,-15.2119,-75.1103,17.71,58,11,5.28,PE,1689536045
385,tura,25.5198,90.2201,24.51,89,100,2.21,IN,1689536046
386,naracoorte,-36.9579,140.7383,4.54,92,0,3.12,AU,1689536046
387,alaghsas,17.0187,8.0168,37.03,16,1,4.46,NE,1689536046
388,anloga,5.7947,0.8973,26.35,85,91,6.26,GH,1689536047
389,kourou,5.1552,-52.6478,28.03,73,5,4.71,GF,1689536047
390,gadzhiyevo,69.2551,33.3362,12.43,85,95,0.84,RU,1689536047
391,westport,41.1415,-73.3579,26.75,90,75,2.06,US,1689536048
392,akbarabad,29.2464,52.7793,31.79,27,0,1.97,IR,1689536048
393,tamanrasset,22.785,5.5228,31.95,19,40,2.57,DZ,1689536048
394,luganville,-15.5333,167.1667,24.36,87,99,7.82,VU,1689536049
395,tuensang,26.2833,94.8333,21.14,97,100,1.17,IN,1689536049
396,pisco,-13.7,-76.2167,21.03,68,100,5.14,PE,1689536050
397,mukalla,14.5425,49.1242,31.08,59,73,2.14,YE,1689536050
398,chai badan,15.2,101.1333,26.66,69,83,4.42,TH,1689536050
399,eskilstuna,59.3666,16.5077,18.88,73,16,4.83,SE,1689536051
400,velikiye luki,56.34,30.5452,17.5,59,10,2.89,RU,1689536051
401,kerch,45.3583,36.4758,23.91,58,0,5.79,UA,1689536051
402,quellon,-43.1167,-73.6167,7.14,70,0,2.57,CL,1689536052
403,tandag,9.0783,126.1986,25.45,87,100,1.41,PH,1689536053
404,saint-pierre,-21.3393,55.4781,22.82,73,0,7.72,RE,1689536053
405,parauapebas,-6.0675,-49.9022,33.99,42,20,0.0,BR,1689536053
406,thinadhoo,0.5333,72.9333,27.32,77,5,1.37,MV,1689536054
407,saint-georges,12.0564,-61.7485,30.82,66,40,7.2,GD,1689536054
408,borogontsy,62.6683,131.1683,8.72,76,8,1.22,RU,1689536054
409,buka,40.8108,69.1986,24.86,22,1,1.78,UZ,1689536055
410,sambava,-14.2667,50.1667,22.25,77,51,4.13,MG,1689536055
411,launceston,-41.45,147.1667,10.45,91,40,5.14,AU,1689535928
412,carutapera,-1.195,-46.02,26.1,87,88,3.75,BR,1689536056
413,boca do acre,-8.7522,-67.3978,30.22,58,86,1.01,BR,1689536056
414,naliya,23.2667,68.8333,28.63,73,99,6.68,IN,1689536057
415,ha'il,27.5219,41.6907,37.01,11,0,4.12,SA,1689536057
416,aripuana,-9.1667,-60.6333,35.88,25,4,1.68,BR,1689536057
417,kuala belait,4.5833,114.1833,26.09,90,52,2.97,BN,1689536058
418,valledupar,10.4631,-73.2532,31.83,62,40,3.6,CO,1689536058
419,tingo maria,-9.2895,-76.0088,30.2,50,29,2.15,PE,1689536059
420,aykhal,66.0,111.5,9.72,57,100,2.98,RU,1689536059
421,cururupu,-1.8283,-44.8683,27.82,73,51,2.1,BR,1689536059
422,khandyga,62.6667,135.6,11.04,82,99,1.86,RU,1689536060
423,saguenay,48.4168,-71.0657,21.71,94,100,3.6,CA,1689535996
424,suntar,62.1444,117.6319,7.34,77,50,2.75,RU,1689536060
425,coquimbo,-29.9533,-71.3436,14.85,82,0,7.2,CL,1689535996
426,jaisalmer,26.9147,70.9181,31.19,58,68,9.86,IN,1689536061
427,robertsport,6.7533,-11.3686,25.58,84,86,4.22,LR,1689536061
428,ndjole,-0.1783,10.7649,26.77,70,38,2.4,GA,1689536062
429,khash,28.2211,61.2158,28.59,10,2,1.92,IR,1689536062
430,bandarbeyla,9.4942,50.8122,24.21,81,87,13.87,SO,1689536062
431,komatsu,36.4026,136.4509,24.99,88,20,1.54,JP,1689536063
432,herzogenbuchsee,47.188,7.7062,22.23,71,48,0.93,CH,1689536063
433,zabaykal'sk,49.6333,117.3167,18.04,48,2,1.4,RU,1689536063
434,sferracavallo,42.726,12.0956,29.59,51,0,1.68,IT,1689536064
435,salinopolis,-0.6136,-47.3561,27.07,81,64,5.29,BR,1689536038
436,flekkefjord,58.2971,6.6607,16.08,95,78,6.64,NO,1689536064
437,sinop,41.7711,34.8709,16.37,84,0,1.44,TR,1689536065
438,okha,53.5739,142.9478,11.41,96,98,5.84,RU,1689536065
439,torit,4.4133,32.5678,23.77,68,49,1.77,SS,1689536066
440,fernie,49.5,-115.0687,29.38,22,7,2.47,CA,1689536066
441,comodoro rivadavia,-45.8667,-67.5,6.92,33,0,5.14,AR,1689536066
442,nicoya,10.1483,-85.452,27.38,83,100,4.65,CR,1689536067
443,morondava,-20.2833,44.2833,21.15,69,57,3.43,MG,1689536067
444,lubango,-14.9172,13.4925,16.89,30,60,1.3,AO,1689536068
445,luderitz,-26.6481,15.1594,19.02,41,0,3.54,NA,1689536068
446,ouadda,8.0777,22.4007,21.15,93,14,1.32,CF,1689536068
447,konstantinovka,49.6167,127.9833,14.52,91,69,1.17,RU,1689536069
448,zarghun shahr,32.8473,68.4457,24.06,36,4,5.01,AF,1689536069
449,uyuni,-20.4597,-66.825,9.63,16,67,5.36,BO,1689536069
450,pathein,16.7833,94.7333,25.8,91,100,2.59,MM,1689536070
451,san antonio oeste,-40.7319,-64.9477,6.95,44,75,9.31,AR,1689536070
452,manado,1.487,124.8455,27.43,74,20,5.14,ID,1689536071
453,sulak,43.2734,47.5146,18.41,87,100,9.13,RU,1689536071
454,pasighat,28.0667,95.3333,24.12,97,100,1.7,IN,1689536071
455,kargopol',61.5071,38.9456,16.77,79,79,1.42,RU,1689536073
456,hilo,19.7297,-155.09,26.81,78,40,3.13,US,1689536073
457,nikol'sk,53.7189,46.0712,14.23,93,100,3.81,RU,1689536074
458,shindand,33.3029,62.1474,29.94,15,0,5.97,AF,1689536074
459,port augusta,-32.5,137.7667,6.07,53,0,1.3,AU,1689536074
460,road town,18.4167,-64.6167,32.05,74,40,4.63,VG,1689536075
461,novyy urgal,51.0736,132.5642,15.12,92,100,0.13,RU,1689536075
462,derzhavinsk,51.1,66.3167,22.42,50,98,6.08,KZ,1689536075
463,zag,46.9441,99.165,13.63,63,72,0.69,MN,1689536076
464,arno,60.1167,18.6333,17.66,76,5,4.7,SE,1689536076
465,fortuna,40.5982,-124.1573,17.03,82,0,6.17,US,1689536076
466,termas de rio hondo,-27.4998,-64.8604,15.81,51,1,1.6,AR,1689536077
467,dilling,12.05,29.65,27.94,52,41,2.97,SD,1689536077
468,kone,-21.0595,164.8658,17.28,71,5,2.43,NC,1689536077
469,mao,39.8885,4.2658,26.31,94,75,3.6,ES,1689536078
470,pariaman,-0.619,100.12,24.54,89,40,1.6,ID,1689536078
471,chake chake,-5.2459,39.7666,24.09,77,0,5.27,TZ,1689536078
472,melekeok village,7.4957,134.6367,26.31,89,75,2.06,PW,1689536079
473,almazan,41.4865,-2.5309,23.77,23,8,2.3,ES,1689536079
474,rikaze,29.25,88.8833,12.47,73,99,1.37,CN,1689536079
475,valdivia,-39.8142,-73.2459,8.05,82,98,2.37,CL,1689536000
476,happy valley-goose bay,53.3168,-60.3315,29.17,48,75,4.63,CA,1689536080
477,chota,-6.55,-78.65,17.95,68,86,3.33,PE,1689536080
478,saipan,15.1355,145.701,28.39,100,20,5.14,MP,1689536081
479,kingston,17.997,-76.7936,32.53,75,20,11.32,JM,1689535824
480,fiambala,-27.6871,-67.6149,16.97,21,4,2.98,AR,1689536081
481,sesimbra,38.4445,-9.1015,22.81,61,0,8.94,PT,1689536082
482,sur,22.5667,59.5289,31.63,57,43,5.24,OM,1689536082
483,fada,9.5667,8.3,22.06,88,21,1.36,NG,1689536082
484,suva,-18.1416,178.4415,20.71,94,75,1.54,FJ,1689536083
485,ola,59.5833,151.2833,12.2,86,95,1.36,RU,1689536083
486,toliara,-23.35,43.6667,19.95,79,1,2.72,MG,1689536083
487,san rafael,-34.6177,-68.3301,9.01,29,77,3.18,AR,1689536084
488,tvoroyri,61.5556,-6.8111,10.42,80,100,7.04,FO,1689536084
489,pampas,-12.4,-74.9,18.12,33,24,3.91,PE,1689536084
490,harper,4.375,-7.7169,25.09,86,73,4.31,LR,1689536084
491,la'ie,21.6477,-157.9253,27.98,79,15,2.24,US,1689536085
492,kedungwuni,-6.9704,109.6479,22.89,80,14,2.96,ID,1689536085
493,alto araguaia,-17.3147,-53.2153,31.2,22,19,1.85,BR,1689536085
494,baki,-7.6128,110.7839,21.23,86,32,3.37,ID,1689536086
495,hakui,36.8833,136.7833,25.94,87,0,0.89,JP,1689536086
496,ugoofaaru,5.6667,73.0,28.27,78,24,6.78,MV,1689536086
497,churapcha,62.0025,132.4325,8.94,91,17,1.78,RU,1689536087
498,nadi,-17.8,177.4167,19.0,88,20,2.06,FJ,1689536087
499,selfoss,63.9331,-20.9971,12.8,54,79,2.71,IS,1689536088
500,kannus,63.9,23.9,18.57,78,100,5.1,FI,1689536088
501,neuquen,-38.9516,-68.0591,9.94,46,40,0.0,AR,1689535938
502,kenai,60.5544,-151.2583,12.83,98,100,3.09,US,1689536089
503,komsomol'sk,49.0097,33.6455,19.69,62,0,0.92,UA,1689536089
504,elliot,-31.3333,27.85,8.92,45,19,3.1,ZA,1689536089
505,zhaozhou,45.6833,125.3167,15.14,96,60,2.65,CN,1689536090
506,mitchell,43.7094,-98.0298,26.99,41,0,5.66,US,1689535899
507,ishurdi,24.1333,89.0833,26.12,92,100,3.44,BD,1689536090
508,lata,40.1629,-8.3327,19.49,75,28,2.28,PT,1689536091
509,alto barinas,8.5931,-70.2261,30.03,68,98,3.5,VE,1689536091
510,carauari,-4.8828,-66.8958,28.78,77,99,1.33,BR,1689536092
511,gubkinskiy,64.434,76.5026,11.94,47,7,3.16,RU,1689536092
512,messaad,34.1543,3.5031,31.45,8,0,4.85,DZ,1689536092
513,santa ana de yacuma,-13.75,-65.4333,31.97,45,40,3.09,BO,1689536093
514,maputo,-25.9653,32.5892,16.82,59,0,1.54,MZ,1689536093
515,amlame,7.4667,0.9,24.29,91,80,1.52,TG,1689536093
516,tongouson,5.0214,120.1328,28.59,79,93,7.69,PH,1689536094
517,poso,-1.3959,120.7524,25.36,77,100,1.77,ID,1689536094
518,urengoy,65.9667,78.3667,7.78,51,73,1.13,RU,1689536095
519,kerrville,30.0474,-99.1403,38.58,28,0,5.66,US,1689536095
520,praia,14.9215,-23.5087,29.3,70,75,3.6,CV,1689535830
521,rahachow,53.0934,30.0495,17.87,62,35,2.54,BY,1689536096
522,auki,-8.7676,160.7034,25.03,90,77,1.79,SB,1689536096
523,alesund,62.4723,6.1549,18.51,82,40,1.54,NO,1689536081
524,haiku-pauwela,20.9219,-156.3051,27.36,61,20,4.02,US,1689535846
525,pangai,-19.8,-174.35,21.06,88,100,5.66,TO,1689536097
526,saint-amand-les-eaux,50.4472,3.4308,18.24,72,83,2.4,FR,1689536097
527,levuka,50.1834,-105.4011,19.84,44,100,4.64,CA,1689536098
528,owen sound,44.5672,-80.9435,28.27,67,11,2.68,CA,1689536098
529,albert lea,43.648,-93.3683,25.18,57,0,3.6,US,1689535997
530,zhezqazghan,47.7833,67.7667,29.08,26,100,0.56,KZ,1689536099
531,talara,-4.5772,-81.2719,29.42,61,0,8.75,PE,1689536099
532,porto seguro,-16.4497,-39.0647,24.29,88,75,1.54,BR,1689536099
533,christchurch,-43.5333,172.6333,6.93,93,100,0.51,NZ,1689535759
534,waitara,-38.925,174.25,11.38,82,0,5.37,NZ,1689536100
535,newnham,-41.3833,147.1333,10.18,91,40,5.14,AU,1689536101
536,manicore,-5.8092,-61.3003,32.97,55,0,2.57,BR,1689536101
537,les avirons,-21.2418,55.3394,21.05,73,0,7.72,RE,1689536102
538,santa terezinha,-29.9002,-50.0904,14.49,75,64,5.88,BR,1689536103
539,natal,-5.795,-35.2094,28.36,65,40,6.69,BR,1689536104
540,savur,37.5388,40.8877,27.93,29,0,5.02,TR,1689536104
541,carbondale,37.7273,-89.2168,32.25,55,0,5.66,US,1689536078
542,ilomantsi,62.6716,30.9328,17.05,80,92,2.66,FI,1689536108
543,peterhead,57.5058,-1.7981,15.22,74,100,7.69,GB,1689535971
544,rice lake,45.5061,-91.7382,24.82,53,75,7.2,US,1689535891
545,namibe,-15.1961,12.1522,19.16,85,0,0.33,AO,1689536115
546,somero,60.6167,23.5333,19.69,97,100,2.57,FI,1689535893
547,chibougamau,49.9168,-74.3659,22.79,78,100,2.57,CA,1689536119
548,yelizovo,53.1873,158.3805,11.08,100,100,1.0,RU,1689535893
549,sanibel,26.449,-82.0223,35.03,68,37,2.68,US,1689536120
550,atasu,48.6814,71.6433,22.35,36,7,4.0,KZ,1689536121
551,hillsborough,37.5741,-122.3794,37.77,60,75,4.63,US,1689535854
552,farafangana,-22.8167,47.8333,19.57,80,55,1.98,MG,1689536121
553,hassleholm,56.1591,13.7664,18.75,74,2,3.86,SE,1689536122
554,liberty,31.8335,-81.5004,35.14,52,40,4.63,US,1689536122
555,bopolu,7.0667,-10.4875,22.58,98,88,1.45,LR,1689536123
556,colonia,50.9333,6.95,22.7,44,0,4.12,DE,1689535899
557,boyes hot springs,38.3138,-122.4819,41.69,38,0,2.06,US,1689536123
558,ghanzi,-21.5667,21.7833,13.32,35,1,3.22,BW,1689536124
559,borba,-4.3878,-59.5939,36.78,28,66,1.87,BR,1689536124
560,rampachodavaram,17.45,81.7667,24.86,83,100,3.36,IN,1689536125
561,orvieto,42.7195,12.1116,28.64,51,0,1.66,IT,1689536125
562,rosice,49.1823,16.3879,29.37,58,0,2.06,CZ,1689536125
563,luwuk,-0.9516,122.7875,23.86,89,100,2.65,ID,1689536126
564,broken hill,-31.95,141.4333,6.12,65,1,3.64,AU,1689535885
565,mil'kovo,55.6078,37.7956,19.27,69,58,1.96,RU,1689536127
566,maba,24.6841,113.5984,23.72,97,87,1.28,CN,1689536128
567,estevan,49.1334,-102.9842,21.11,46,75,5.66,CA,1689536128
568,avanigadda,16.0215,80.9181,28.86,65,100,2.17,IN,1689536128
569,fontenay-le-comte,46.5833,-1.0,19.8,73,1,3.27,FR,1689536129
570,castillos,-34.1667,-53.8333,9.88,60,11,5.58,UY,1689535999
571,masterton,-40.9597,175.6575,4.48,94,3,0.97,NZ,1689536130
572,mpanda,-6.3655,31.0409,19.0,47,0,0.55,TZ,1689536130
573,nar'yan-mar,67.6713,53.087,14.91,86,54,4.32,RU,1689536130
574,brookings,44.3114,-96.7984,23.99,60,0,6.17,US,1689536045
575,rancho palos verdes,33.7445,-118.387,33.01,78,0,3.6,US,1689535923
576,pitimbu,-7.4706,-34.8086,24.33,81,23,5.98,BR,1689536131
577,itoman,26.1247,127.6694,28.43,86,75,8.75,JP,1689536132
578,stara pazova,44.985,20.1608,30.12,58,0,1.54,RS,1689536132
579,chipinge,-20.1883,32.6236,10.96,48,0,0.94,ZW,1689536133
580,novozavedennoye,44.2628,43.6381,14.61,69,60,3.46,RU,1689536133
581,nizhnevartovsk,60.9344,76.5531,12.01,71,0,2.0,RU,1689536134
582,altai,46.3722,96.2583,18.33,29,22,1.41,MN,1689536134
583,pointe-noire,-4.7761,11.8635,21.3,90,6,3.18,CG,1689536134
584,nsanje,-16.92,35.262,17.28,60,0,0.84,MW,1689536135
585,calvinia,-31.4707,19.776,12.14,56,100,1.18,ZA,1689536135
